tweet id,label,full_text,created_at,user_screen_name,likes,retweets,replies
1557036782016937985,neutral,@miruruwaweru @EAukot @WChebukati @IEBCKenya 😂😂😂😂 Sasa Zima hio kitu umewasha,Tue Aug 09 16:11:11 +0000 2022,CassimMganga,2.0,0.0,0.0
1556850700445011974,neutral,@MarthaKarua @Ali_Manzu @WilliamsRuto Brazah mazza amesema amewasili mapema,Tue Aug 09 03:51:46 +0000 2022,mohamedkorshen,2.0,0.0,0.0
1556384563718504450,fake,@DidmusWaBarasa @WilliamsRuto oooooooh bungoma sio wakàazi kweli we ni jinga,Sun Aug 07 20:59:30 +0000 2022,kelvin_wekesaa,0.0,0.0,0.0
1557704685284458496,neutral,@Sam_Lulli @IEBCKenya @WilliamsRuto @OleItumbi @DrJuma_M @Ryan_Mucilih William Ruto na Jonathan Mueke wote wanaenda nyumbani ...utaambia watu nini ndugu..,Thu Aug 11 12:25:12 +0000 2022,McShayneX,2.0,0.0,0.0
1557361326485299200,neutral,@MigunaMiguna @WilliamsRuto @RailaOdinga Huyu anasema nini https://t.co/8cuekyCeFx,Wed Aug 10 13:40:49 +0000 2022,OngusoWycliffe,0.0,0.0,0.0
1558440428000710658,neutral,"@WilliamsRuto Shukrani mkuu ,,,",Sat Aug 13 13:08:47 +0000 2022,parsikore,1.0,0.0,0.0
1558364051058597889,neutral,@itsMJ_Ke @WilliamsRuto Umeanua liwe liwalo,Sat Aug 13 08:05:17 +0000 2022,Bookten8,1.0,0.0,1.0
1558166668827836418,neutral,@TubmanOdoyo @Lemeiyan @Mwaxmwenendry @Cjamehk @WilliamsRuto @RailaOdinga And again..itumbi never gave numbers as far as I recall..maybe refresh my memory,Fri Aug 12 19:00:57 +0000 2022,david_osore,0.0,0.0,1.0
1558165908060868609,neutral,@MigunaMiguna @RailaOdinga @WilliamsRuto @rigathi @miguna miguna anza kuhesabu masiku ya kurudi nyumbani ruto karibu anatangazwa,Fri Aug 12 18:57:56 +0000 2022,CopraBrian,0.0,0.0,0.0
1558134255716339712,neutral,@PEKIMA080 @OleItumbi @edwinsifuna @WilliamsRuto @MigunaMiguna @ahmednasirlaw Bomas mnatuchelewesha buana..@DidmusWaBarasa @MusaliaMudavadi @MigunaMiguna @WilliamsRuto @WChebukati https://t.co/UrdLgcW2Su,Fri Aug 12 16:52:09 +0000 2022,DkeryanthozEnt,2.0,0.0,0.0
1558077510172147712,neutral,Ile Miti ATWOLI ALISEMA TUKATE NDIO TUNATUMIA KAMA KUNI HAPA SUGOI YA KUCHOMEA NYAMA PAMOJA NA VYAKULA VINGINE TUKISUBURI WAMTANGAZE WILLIAM SAMOEI RUTO KAMA RAIS WA TANO😁😁..VINDU VICHENJANGA @kipmurkomen @OleItumbi @WilliamsRuto @AtwoliDza @NdindiNyoro https://t.co/U5lbRbf5dz,Fri Aug 12 13:06:40 +0000 2022,angaine_,2.0,0.0,0.0
1559206852805681152,neutral,@Its_Jaymo @WilliamsRuto Hehehe yaja,Mon Aug 15 15:54:17 +0000 2022,antoneosoul,1.0,0.0,0.0
1559233571755380737,neutral,@WilliamsRuto @MwendeCharles Karibu Rais!,Mon Aug 15 17:40:27 +0000 2022,AmbroseMwau,0.0,0.0,0.0
1559231322559848455,neutral,,,,,,
1560148695827488768,neutral,@Saitabao @WChebukati @WilliamsRuto Tuma hiyo ya raila na cherera pia,Thu Aug 18 06:16:49 +0000 2022,jumajamo,0.0,0.0,0.0
1560148297704169473,neutral,@FrenkieHag @MunaiG @DrMunyaka @RailaOdinga @skmusyoka @WilliamsRuto @rigathi His nothing is important to him! Kiburi ya watu wa Man U usilete hapa,Thu Aug 18 06:15:14 +0000 2022,MunganiaMurungi,1.0,0.0,0.0
1560143929995034625,neutral,@Cate_Waruguru @WilliamsRuto Mungu n mwema,Thu Aug 18 05:57:53 +0000 2022,Jeremy05310557,0.0,0.0,0.0
1560071874024980482,neutral,@DidmusWaBarasa @WilliamsRuto @AtwoliDza Hehe,Thu Aug 18 01:11:34 +0000 2022,selle_scientist,0.0,0.0,0.0
1560038339994177536,neutral,@roseokuyo @WilliamsRuto Ambia babako ampee,Wed Aug 17 22:58:19 +0000 2022,CohesiveMalone,0.0,0.0,0.0
1559999172949975041,neutral,@OdhizzRennish @WilliamsRuto Kaambie babako,Wed Aug 17 20:22:40 +0000 2022,CohesiveMalone,0.0,0.0,0.0
1559997561804562433,neutral,@mohamedkorshen @WilliamsRuto @BillowKerrow @Asmali77 @ahmednasirlaw @OleItumbi @FauziaAliHassan @FauzKhalid @DualeHon 😂😂😂 Sawa ndugu,Wed Aug 17 20:16:16 +0000 2022,Faisal_Kassim52,0.0,0.0,0.0
1559967197342072832,neutral,@MburuMose @OleItumbi @WilliamsRuto Kiburi huisha.,Wed Aug 17 18:15:37 +0000 2022,MrMire001,1.0,0.0,0.0
1559955942032445440,neutral,@WilliamsRuto Uliskia wapi,Wed Aug 17 17:30:53 +0000 2022,GeraldAntony4,0.0,0.0,0.0
1559954816532889601,neutral,@MigunaMiguna @WilliamsRuto Wewe kama ulitupwa huko Canada tulia na uchizi wako,Wed Aug 17 17:26:25 +0000 2022,GeraldAntony4,0.0,0.0,0.0
1559948913959895042,neutral,@hon_alicenganga @WilliamsRuto Wachana na huyo mlevi. Bado Ana lewa.,Wed Aug 17 17:02:58 +0000 2022,Omogusi2,0.0,0.0,0.0
1559946604697817091,neutral,@OtyArts @WilliamsRuto Atimize kile alisema,Wed Aug 17 16:53:47 +0000 2022,kilundeezy,2.0,0.0,1.0
1559932018934292480,neutral,@WilliamsRuto Huku ndio tutakua tukikukumbusha zile miradi zako.,Wed Aug 17 15:55:50 +0000 2022,booshyhannel,2.0,0.0,0.0
1559931788776046594,neutral,@MigunaMiguna @WilliamsRuto Utakuja naye? https://t.co/QTnrULzzP0,Wed Aug 17 15:54:55 +0000 2022,Oratorjames,3.0,0.0,1.0
1559929519099854851,neutral,@HassanOmarH @nikjaki @WilliamsRuto @MikeSonko @MohaJichoPevu @UDAKenya Hamjaskia?,Wed Aug 17 15:45:54 +0000 2022,KimNick_,1.0,0.0,0.0
1559900953683296256,neutral,@JerotichSeii @WilliamsRuto Ati udosi ataki?🤣🤣🤣🤣🤣🤣🤣,Wed Aug 17 13:52:23 +0000 2022,stevenadogo,3.0,0.0,1.0
1559897130143305728,neutral,@WilliamsRuto Nikuje uko maybe ntapata kachai mkubwa,Wed Aug 17 13:37:11 +0000 2022,OduorNguka,0.0,0.0,0.0
1559895918308106240,neutral,@otienojoshua64 @WilliamsRuto Kazi ya mganga hiyo.,Wed Aug 17 13:32:23 +0000 2022,LilKoima,1.0,0.0,0.0
1559879815775358977,neutral,@faiinjeeri @WilliamsRuto Wewe uko eneo lipi jijini,Wed Aug 17 12:28:23 +0000 2022,bedheuce,0.0,0.0,1.0
1559867126957105154,neutral,"@WilliamsRuto Si Uchawi, Ni Maombi.",Wed Aug 17 11:37:58 +0000 2022,LilKoima,12.0,0.0,1.0
1559845547942477825,neutral,@SuluhuSamia @WilliamsRuto Shukrani Raisi wa Jumuia ya Tanzania . Kenya tunawapenda sana watanzania,Wed Aug 17 10:12:13 +0000 2022,JobKimathi8,0.0,0.0,0.0
1559784781080051712,neutral,@EcEssie @HassanSMohamud @WilliamsRuto Unajua kupigana?,Wed Aug 17 06:10:45 +0000 2022,uzimacomrade,3.0,0.0,2.0
1559748148473511936,neutral,@GeneralMeakings @MwirigiKibaki @WilliamsRuto Unadai vipi?,Wed Aug 17 03:45:11 +0000 2022,itswkelly,0.0,0.0,1.0
1559639329139482639,neutral,@kiboi_japheth @RephaelTuju @HonMbeyu @IEBCKenya @WilliamsRuto Huyu anasumbuliwa na maradhi. Tumuelewi tu,Tue Aug 16 20:32:47 +0000 2022,402ead924c2d433,0.0,0.0,0.0
1559626223382315011,neutral,@DidmusWaBarasa @WilliamsRuto @AtwoliDza Umetoka ndani nikam tupige sherehe?,Tue Aug 16 19:40:42 +0000 2022,mumiandusi,0.0,0.0,0.0
1559608194489634818,neutral,@IEBCKenya @Its_Renson @RobertAlai @BenjiNdolo @RailaOdinga @MarthaKarua @WilliamsRuto @MigunaMiguna  habari ndio hio,Tue Aug 16 18:29:04 +0000 2022,TylincN,0.0,0.0,0.0
1560563207999299585,neutral,"@MitikaDennis @cloud9ke @ledamalekina @WilliamsRuto @NPSOfficial_KE Rudi msituni ujifunge maasai shuka kwanza,",Fri Aug 19 09:43:57 +0000 2022,kipkorir_edmon,0.0,0.0,1.0
1560560478241587200,neutral,"@cloud9ke @MitikaDennis @ledamalekina @WilliamsRuto @NPSOfficial_KE Anatisha nani na upusi,",Fri Aug 19 09:33:06 +0000 2022,kipkorir_edmon,0.0,0.0,1.0
1560422056935710720,neutral,@DidmusWaBarasa @WilliamsRuto Kokoo wa Taifa,Fri Aug 19 00:23:04 +0000 2022,Nelsonkipchuu,0.0,0.0,0.0
1560330578917998599,neutral,@DidmusWaBarasa @WilliamsRuto Hauko rumande🤣🤣,Thu Aug 18 18:19:34 +0000 2022,michaeldegea3,0.0,0.0,0.0
1560299258041057281,neutral,@johnnjenga @stellanganga @WilliamsRuto Wapi mama mboga  na boda,Thu Aug 18 16:15:06 +0000 2022,donsabwa,0.0,0.0,0.0
1560293699799613442,neutral,@edmond_sunker @WilliamsRuto 😂😂pole msee,Thu Aug 18 15:53:01 +0000 2022,MangaraSolutio3,0.0,0.0,0.0
1560267201021505536,neutral,@WilliamsRuto Wacha Mungu ajidhihirishe,Thu Aug 18 14:07:43 +0000 2022,Joseph69720173,0.0,0.0,0.0
1560262790262038530,neutral,@jkipngetich1 @WilliamsRuto Serikal gani,Thu Aug 18 13:50:12 +0000 2022,kinzigalaxy,9.0,0.0,8.0
1560260275726651392,neutral,@JerotichSeii @wmnjoya @WilliamsRuto Si ni ukweli,Thu Aug 18 13:40:12 +0000 2022,Real_Ashman,0.0,0.0,0.0
1560228727275094019,neutral,@WMMartha @WilliamsRuto @USAmbKenya Kuenda tukiendaga....,Thu Aug 18 11:34:50 +0000 2022,alexryd,2.0,0.0,0.0
1562502920389918731,neutral,@tv47ke @justinawamae @DrOfweneke @justinawamae Waziri wetu wa Vijana. @WilliamsRuto cheza kama wewe,Wed Aug 24 18:11:40 +0000 2022,PrinceDanMburu,2.0,1.0,0.0
1562349532393996288,fake,@MillicentOmangq @WilliamsRuto Huyu Mzee aende nyumbani,Wed Aug 24 08:02:10 +0000 2022,karemerijosiah,0.0,0.0,0.0
1562296678576799744,neutral,@WilliamsRuto Ama mumemuua pia?,Wed Aug 24 04:32:08 +0000 2022,OkeyoGodwins,0.0,0.0,0.0
1562164615815077890,neutral,,,,,,
1562120434606374913,neutral,@AlbanIshmael3 @MikeSonko @WilliamsRuto @governorkibwana Ebu waambie😤,Tue Aug 23 16:51:49 +0000 2022,NdiranguMikhail,0.0,0.0,0.0
1562090614149226498,neutral,@FauziaAliHassan @WilliamsRuto @MohamudSalatMo1 @salmakwamboks @HassanOmarH @Allyrusheed @husseinmoha @Abdulghani2012 Mimi na @HusseinYusufI hatujaalikwa 😂,Tue Aug 23 14:53:19 +0000 2022,OmmarIF,1.0,0.0,2.0
1562048096552484864,neutral,@WilliamsRuto @tellyrence Apo Kwa agriculture naskia kaa n mm wataja,Tue Aug 23 12:04:22 +0000 2022,joshuangumbi,0.0,0.0,0.0
1562026220799369219,neutral,@ahmednasirlaw @NjiruAdv @WilliamsRuto Chinja kanyanga shingooo malisaaaaaa kabisaaa,Tue Aug 23 10:37:26 +0000 2022,DDasnach,0.0,0.0,0.0
1561778162786357248,neutral,@Morgan227372181 @WilliamsRuto @kipmurkomen @HonOscarSudi @susankihika @HEBabuOwino Nadai ele kubwa kiasi,Mon Aug 22 18:11:45 +0000 2022,kipkosgei_Edu,0.0,0.0,0.0
1561771537098842113,neutral,@MigunaMiguna @RailaOdinga @WilliamsRuto Kumbe unamjua,Mon Aug 22 17:45:25 +0000 2022,TylincN,1.0,0.0,0.0
1561707514663772161,neutral,@Cate_Waruguru @WilliamsRuto Ile namba ulinipea haingii 😋,Mon Aug 22 13:31:01 +0000 2022,ayora_do,0.0,0.0,0.0
1561690768837861376,neutral,@Cate_Waruguru @WilliamsRuto Niko Murang'a,Mon Aug 22 12:24:28 +0000 2022,selle_scientist,0.0,0.0,0.0
1561680982322941954,neutral,@benardNUP @RailaOdinga @MarthaKarua @WilliamsRuto 🙏🏿 Asante sana.,Mon Aug 22 11:45:35 +0000 2022,Ali_Manzu,1.0,0.0,0.0
1561648294060855297,neutral,@OleItumbi @WilliamsRuto Wenye wivu wajinyonge sasa,Mon Aug 22 09:35:41 +0000 2022,kelvinbett95,1.0,0.0,1.0
1561645994957307904,neutral,,,,,,
1561070047312887814,neutral,"@lutilogregory @RailaOdinga @WilliamsRuto @WendoK2 tulijipanga, hatupangwigwi",Sat Aug 20 19:17:57 +0000 2022,Mr_Sarapai,0.0,0.0,0.0
1564546325642878977,neutral,@kiramjoho @Zamzammohammed7 @MohaJichoPevu @WilliamsRuto @RailaOdinga Hhhhhh hongera kwake pia. Alipigana kweli kweli,Tue Aug 30 09:31:26 +0000 2022,nasirmagan,3.0,0.0,0.0
1564201681444917250,neutral,@ItimuNjururi @MaundahGabriel @RobertAlai @RailaOdinga @orengo_james @OAmollo @EtalePhilip @PaulMMwangi @edwinsifuna @WilliamsRuto Unangoja jibu?,Mon Aug 29 10:41:56 +0000 2022,MC_MASESE,1.0,0.0,0.0
1563946022589579268,neutral,"Sasa tena izi ni gani?
@WilliamsRuto ?
Mama Mboga na yeye akue nini?
Serikali tena ni ya kuunda vyeo??",Sun Aug 28 17:46:03 +0000 2022,amgicheru,0.0,0.0,0.0
1563930662545096709,neutral,@WilliamsRuto Kwenda huko @WilliamsRuto,Sun Aug 28 16:45:01 +0000 2022,OkeyoGodwins,0.0,0.0,0.0
1563900151822950402,neutral,@ngunjiriwambug @WilliamsRuto Limetimia,Sun Aug 28 14:43:46 +0000 2022,JaneWam89434857,0.0,0.0,0.0
1563899638222036994,neutral,@CharlesKarry1 @johnmark254 @WilliamsRuto Inauma,Sun Aug 28 14:41:44 +0000 2022,virtousoyobo,0.0,0.0,1.0
1563847371787849728,neutral,@WilliamsRuto Unajitetea ukiwa pande gani?!,Sun Aug 28 11:14:02 +0000 2022,tommogire,0.0,0.0,0.0
1563831869573152768,neutral,@AdhanBuya @WilliamsRuto Tutaenda Kasarani,Sun Aug 28 10:12:26 +0000 2022,YusufJare,0.0,0.0,0.0
1563498377249439744,neutral,@DidmusWaBarasa @WilliamsRuto Wee mzee,Sat Aug 27 12:07:16 +0000 2022,OtisRhay,0.0,0.0,0.0
1563460333720592384,neutral,@EricKAce4 @ahmednasirlaw @WilliamsRuto @RailaOdinga Wewe na nani ?,Sat Aug 27 09:36:05 +0000 2022,KanuK91034515,1.0,0.0,0.0
1563401679764000768,neutral,@Wetangulam @WilliamsRuto @DrAlfredMutua Wacheni haraka. Wizi lazima ikome hii Kenya.,Sat Aug 27 05:43:01 +0000 2022,muriuwahome,0.0,0.0,0.0
1563347992546930688,fake,@DidmusWaBarasa @WilliamsRuto Tuliza familia uliyoua mwana wao kwanza!!,Sat Aug 27 02:09:41 +0000 2022,Moraa14Moraa,0.0,0.0,0.0
1563334333423063040,neutral,@DidmusWaBarasa @WilliamsRuto Kitui https://t.co/nj5x6K69N3 koti iarakishe tuapishe   rais wetu#jasho ya kura yangu.,Sat Aug 27 01:15:25 +0000 2022,Bonface95014334,0.0,0.0,0.0
1563066185918205952,neutral,@ChampagneKish @PerfectionPerf2 @OtienoUthman @DidmusWaBarasa @RailaOdinga @WilliamsRuto *ni yake na Maulana...*,Fri Aug 26 07:29:53 +0000 2022,Zarouvian,1.0,0.0,0.0
1563065891163553792,neutral,"@mwangi16_mwangi @BarbieNbi @WilliamsRuto @rigathi Ask Ben Githae to play for you "" Nii Ni MISAGA RAILA""",Fri Aug 26 07:28:43 +0000 2022,mugo_hiram,0.0,0.0,0.0
1563017513725599744,fake,@DidmusWaBarasa @RailaOdinga @WilliamsRuto Mwanzo wewe wahitaji msamaha ya mauwaji,Fri Aug 26 04:16:29 +0000 2022,geraldmaleya,0.0,0.0,0.0
1562825723651715073,neutral,@Asmali77 @WilliamsRuto Ukweli isemwe tupunguze chuki Kwa mutoa watu wenye walikua wanasababisha.,Thu Aug 25 15:34:23 +0000 2022,brianasioya1,0.0,0.0,0.0
1562777641245360128,neutral,@Jay_Paul254 @WilliamsRuto Lazima ajikaze tu,Thu Aug 25 12:23:19 +0000 2022,kerush__,0.0,0.0,0.0
1565674887762558977,neutral,@seanC_1O @WilliamsRuto Kwani baba hajui kuiba😂😂😂,Fri Sep 02 12:15:56 +0000 2022,Jojosiwo2,5.0,0.0,3.0
1559924907387019264,neutral,@MigunaMiguna @WChebukati Nikona mtoto yako hapa anagawa kugawa🤣,Wed Aug 17 15:27:34 +0000 2022,IGazih,1.0,0.0,0.0
1559655651416080384,neutral,@Spalbounded1 @musya_james @WehliyeMohamed @WChebukati Si hapa nimewatetea Bana lakini ?🤣🤣,Tue Aug 16 21:37:38 +0000 2022,david_osore,0.0,0.0,2.0
1558019281161535490,neutral,@mamangilu @WChebukati @RailaOdinga Tuonyeshe io bibilia,Fri Aug 12 09:15:17 +0000 2022,JMwanzanje,0.0,0.0,0.0
1557931243869814787,neutral,@mamangilu @WChebukati @RailaOdinga Na bado mtaongoja miaka ingine tano,Fri Aug 12 03:25:28 +0000 2022,DavidRapcha,0.0,0.0,0.0
1557746594371485696,neutral,Aye Bwana Chebukaaati @WChebukati kunaendaje mkuu pale @IEBCKenya,Thu Aug 11 15:11:44 +0000 2022,moonjahroo,1.0,0.0,1.0
1557735993054154753,neutral,,,,,,
1545060930181947395,neutral,@merciful_hearts @WChebukati @IEBCKenya Chunga usilie chooni,Thu Jul 07 15:03:26 +0000 2022,rop2kei,0.0,0.0,0.0
1562090579168739328,neutral,@HonAyubSavula @WChebukati @RailaOdinga Kiongozi kwani ni kesho😅,Tue Aug 23 14:53:10 +0000 2022,Omushevi,0.0,0.0,0.0
1561953756056633344,neutral,@ItsMutai @WChebukati juu wee uko na upuzi...,Tue Aug 23 05:49:29 +0000 2022,KenSigei,0.0,0.0,0.0
1559413745901764610,neutral,"@SuluhuSamia @WilliamsRuto Twafahamu fika kwamba kingenge sio mdomo chako lakini wenzako kote ulimwenguni wamemtambua @WilliamsRuto kama Rais mteule wa jamuhuri ya Kenya.  Habari zikufikie dada yetu na CCM, wimbi la mabadiliko lavuma kote afrika. Walalahoi wamefunguka macho.",Tue Aug 16 05:36:24 +0000 2022,Tiondo1,5.0,0.0,0.0
1560711739334869000,neutral,@WilliamsRuto @OleItumbi @HusseinMohamedg hapana sahau buana.,Fri Aug 19 19:34:09 +0000 2022,BabaIMRAN_ke,0.0,0.0,0.0
1560681260175048705,neutral,@WilliamsRuto Kenya Kwanza yaongezewa Mwangaza tena,Fri Aug 19 17:33:03 +0000 2022,NyangaresJunior,0.0,0.0,0.0
1560679066574921731,neutral,@MikeSonko @WilliamsRuto @skmusyoka Haiya. Si itoshe hivo,Fri Aug 19 17:24:20 +0000 2022,KimNick_,0.0,0.0,0.0
1560629001013567488,neutral,@ledamalekina @WilliamsRuto @NPSOfficial_KE Ningekuwa hapo mimi ningekuua una bahati sana,Fri Aug 19 14:05:23 +0000 2022,MangaraSolutio3,0.0,0.0,0.0
1562476052718374914,fact,@WilliamsRuto Kazi n Kazi tumeanza https://t.co/jwcu4ZwxeE,Wed Aug 24 16:24:55 +0000 2022,NyaiteAvea1,0.0,0.0,0.0
1564344989391491073,neutral,@Saitabao @WuodRamula @IEBCKenya @WChebukati Kabisa,Mon Aug 29 20:11:24 +0000 2022,mitpiny,0.0,0.0,0.0
1558502985990545408,fake,@theafricandir Wacha ifike kumi wanakaa kuhitaji tallying centre 😂🤣,Sat Aug 13 17:17:22 +0000 2022,henrywahome,1.0,0.0,1.0
1399977012933111812,neutral,@GaturuSalim @MarthaKarua @StateHouseKenya @AGOfficeKenya @Kenyajudiciary @jsckenya @NationAfrica @ntvkenya @StandardKenya @KTNNewsKE @citizentvkenya @TheStarBreaking Kweli kabisa,Wed Jun 02 06:31:44 +0000 2021,lydia_mburia,1.0,1.0,0.0
1393159216064520193,neutral,,,,,,
1391849537954795527,neutral,Nakubaliana nawe kabisa. Mahakama @Kenyajudiciary ya upeo wa Juu yafaa iige mfano wa Mhe. David Odhiambo na kutoa uamuzi kwa lugha ya Kiswahili. Inawezekana,Mon May 10 20:16:03 +0000 2021,CaxstonePKigata,5.0,1.0,0.0
1494209807036858373,neutral,,,,,,
1463334974531280898,neutral,@ahmednasirlaw @Kenyajudiciary @MikeSonko  habari  ndio hio,Wed Nov 24 02:33:40 +0000 2021,TylincN,0.0,0.0,0.0
1556976812713984005,fact,@citizentvkenya #KenyaDecides2022 #KenyasChoice2022 @SamGituku @MKapombe  mimi bado sijapiga kura nangoja line ipungue apa Dandora Primary lakini lazima nipige kura ju ni haki yangu,Tue Aug 09 12:12:54 +0000 2022,kinyua_kinyuaji,0.0,0.0,0.0
1556976254947147776,neutral,"Muache kupost vidole.
Hizo nimeona sujafurahia.

#KenyaDecides2022",Tue Aug 09 12:10:41 +0000 2022,samwelogor,0.0,0.0,0.0
1556973507266940928,neutral,"Ulipea nani Kura?

#KenyaDecides2022 
#KenyaDecides 

Twende Kazi.",Tue Aug 09 11:59:45 +0000 2022,AbdiwakilHujale,2.0,2.0,0.0
1556940727871062023,fake,"Imebidi niskume mzungu 😅😅

#KenyaDecides2022 https://t.co/Jz3enHRg1a",Tue Aug 09 09:49:30 +0000 2022,samwelogor,2.0,0.0,1.0
1557720208101748737,neutral,Iko wapi 70% ya madvd na weta? 🤭#KenyaDecides2022,Thu Aug 11 13:26:53 +0000 2022,NjoroK,0.0,0.0,0.0
1537475560519225347,neutral,@HEBabuOwino @EACCKenya @IEBCKenya Ata baba yuko nyweeeeeee https://t.co/Nw8J7LrU9R,Thu Jun 16 16:41:53 +0000 2022,ProphetMateRap2,0.0,0.0,1.0
1537080498010324992,neutral,@ayieko_onyango @MigunaMiguna @UDAKenya @SakajaJohnson @NelsonHavi @IEBCKenya Huyo hata Westlands hawezani nayo,Wed Jun 15 14:32:02 +0000 2022,CAdede,0.0,0.0,1.0
1536271076539367425,neutral,@K24Tv @IEBCKenya  imejipanga sasawa lakini waziri wa azimio wanataka kuharibu utaratibu wa hiyo tume huru...,Mon Jun 13 08:55:41 +0000 2022,Cptdraxler,0.0,0.0,0.0
1534507108284112896,neutral,@edwintororei @cliffliungu @makaumutua @IEBCKenya Huoni ako kwa Giza Hana Akili.,Wed Jun 08 12:06:19 +0000 2022,heavyduty001,0.0,0.0,1.0
1549721542808018945,fake,"@MigunaMiguna @IEBCKenya @ReubenKigame @RailaOdinga Mambo yako yote ni ya chuki tu ,penda ndugu yako.kama alikukosea achia mungu . hatred itakumaliza mwenyewe.",Wed Jul 20 11:43:02 +0000 2022,simiyu_clinton,2.0,0.0,0.0
1546234119180488705,fact,"Vijana wa #Naivasha wameamua kuweka amani sasa,kabla na baada ya uchaguzi mkuu wa Agosti tisa 2022,#Elections2022
#ElectionsBilaNoma #naivashayouthpeacedeclaration  #after9thaugustkunalife  @NCIC_Kenya
@FredMatiangi @cedgg_2001 @IEBCKenya @SkitterDr @YBN_Kenya @Strong_Cities https://t.co/TD5cYQSfBp",Sun Jul 10 20:45:16 +0000 2022,Mtaani_konnect,3.0,3.0,0.0
1544704503332892672,neutral,@OleItumbi @RailaOdinga @IEBCKenya Ni juzi tu umetoka hosi bro. Si tulia,Wed Jul 06 15:27:07 +0000 2022,CaptainKiage,4.0,0.0,0.0
1543844587902582784,fact,"@IEBCKenya imeweka mbinu mbili kuu za kuwatambulisho wapiga kura siku ya kupigia kura:
~Rekodi ya alama za vidole.
~Rekodi ya nambari za kitambulisho ambapo mpiga kura atajaza fomu.

#AminiIEBC #Vijana4Vijana

#TrustIEBC #VIJANA4VIJANA https://t.co/ENNohtO14E",Mon Jul 04 06:30:07 +0000 2022,YouthExtravaga2,0.0,0.0,0.0
1553172939457036289,fact,"Vijana tuko chonjo kudumisha amani. Wakenya kwa pamoja tueneze umoja katika uchaguzi ujao. #UchaguziBilaNoma  @Midrifthurinet @game_intl @tv47ke @IEBCKenya
@NACADAKenya @ECESeu @NCIC_Kenya @UNDPKenya @denmarkinkenya @FredMatiangi @YBN_Kenya #ElectionsBilaNoma
@tendasasa
#Peace https://t.co/sS4CFTjLSm",Sat Jul 30 00:17:39 +0000 2022,Mtaani_konnect,1.0,1.0,0.0
1550638614626844672,fact,@IEBCKenya IEBC nikama mnataka kiumane. Tumawaonea 18. https://t.co/nRuLPeUPZw,Sat Jul 23 00:27:09 +0000 2022,EmmanuelMakero,0.0,0.0,0.0
1556996647024005123,neutral,"@paulinenjoroge @IEBCKenya Chebukati uko wapi,,,!!!!",Tue Aug 09 13:31:42 +0000 2022,mukonzo_hassan,0.0,0.0,0.0
1556991613511110656,neutral,@IEBCKenya Tingiza MTI https://t.co/4k6T6ttXCn,Tue Aug 09 13:11:42 +0000 2022,vogake,5.0,1.0,0.0
1556981560372563974,neutral,,,,,,
1556970827043803136,neutral,@IEBCKenya Mungesema mapema!,Tue Aug 09 11:49:06 +0000 2022,bayoz7,0.0,0.0,0.0
1556963437460291584,neutral,@king_kolloh @IEBCKenya Nido wakuje wanishike,Tue Aug 09 11:19:45 +0000 2022,kilundeezy,12.0,0.0,2.0
1556925470733750273,neutral,@OleItumbi @chomly01 @IEBCKenya @UDAKenya @MarigaOfficial Mumeanza kulia mapema,Tue Aug 09 08:48:53 +0000 2022,Omushevi,4.0,0.0,1.0
1556919545893453825,neutral,@RealDdominiQuE @ledamalekina @IEBCKenya @citizentvkenya @CNN @JunetMohamed Anataka tu kujiondoa,Tue Aug 09 08:25:20 +0000 2022,Peterwafula14,0.0,0.0,0.0
1556912840832946178,neutral,,,,,,
1556890560174198785,neutral,"@MrOwuor1 @Chris_D_Odero @bapfrancis @waluwande @IEBCKenya @KephisKe Sijui, ni mchanga nilinunua kando ya bara nara. 🙄",Tue Aug 09 06:30:09 +0000 2022,coachyawe,1.0,0.0,0.0
1556718443059187715,neutral,@ledamalekina @IEBCKenya @CNN @citizentvkenya @JunetMohamed @HassanAliJoho Mmeanza kulia mapema,Mon Aug 08 19:06:13 +0000 2022,madarakavictor,0.0,0.0,0.0
1556713692913438720,neutral,@BiancaWamu @Ziloopi @ledamalekina @IEBCKenya @CNN @citizentvkenya @JunetMohamed @HassanAliJoho Bora umeelewa,Mon Aug 08 18:47:21 +0000 2022,Omushevi,0.0,0.0,0.0
1556712676021108736,neutral,,,,,,
1556704582532726784,neutral,@ledamalekina @IEBCKenya @CNN @citizentvkenya @JunetMohamed @HassanAliJoho 🤣🤣🤣🤣 Utajua hujui kijana... Kelele za chura hizo,Mon Aug 08 18:11:09 +0000 2022,javern10,1.0,0.0,0.0
1556698904263114754,neutral,@AokoOtieno_ @ledamalekina @IEBCKenya @CNN @citizentvkenya @JunetMohamed @HassanAliJoho Ledama pia kakosea shosh Aoko. Kubaya.,Mon Aug 08 17:48:35 +0000 2022,Misogaalvin,5.0,0.0,0.0
1556694173864050688,neutral,@gpdkaluma @TheODMparty @RailaOdinga @IEBCKenya Ndoto....,Mon Aug 08 17:29:47 +0000 2022,javern10,0.0,0.0,0.0
1556689481473875969,neutral,@tapkengot @ledamalekina @IEBCKenya @CNN @citizentvkenya @JunetMohamed @HassanAliJoho Uyu nywele ni kubwa lakini akili hana.,Mon Aug 08 17:11:08 +0000 2022,Bravi_n,2.0,0.0,1.0
1556683310801330176,neutral,@ledamalekina @IEBCKenya @citizentvkenya @CNN @JunetMohamed @beth_kasinga chebukati ni kama ulipee yeye unga🤣,Mon Aug 08 16:46:37 +0000 2022,dan_mwaush,1.0,0.0,0.0
1556647618255720448,neutral,@IEBCKenya kwani hii time yote mmekua nayo ilikua ya nini? Are you even serious at first place?,Mon Aug 08 14:24:47 +0000 2022,Bravi_n,0.0,0.0,1.0
1555534652189843463,neutral,@Nelly1Kremlin @Kevour01 @_fels1 @IEBCKenya Sawa Chebukati,Fri Aug 05 12:42:16 +0000 2022,arthur__penn,0.0,0.0,0.0
1555127000272084992,neutral,@fobwanda @IEBCKenya Hapo sawa kabisa.,Thu Aug 04 09:42:24 +0000 2022,YuriBaraza,1.0,0.0,0.0
1554892222830727171,neutral,@OleItumbi @IEBCKenya Shida ya kufuga nguruwe…,Wed Aug 03 18:09:29 +0000 2022,dan_mwaush,2.0,0.0,0.0
1554447338642579458,neutral,"@BernahWambui @NCIC_Kenya @IEBCKenya Heh, wacha tu na hii drama ni noma bana",Tue Aug 02 12:41:40 +0000 2022,Dekitdk,0.0,0.0,0.0
1557878948213800960,fake,@HonOscarSudi @IEBCKenya Wezi nyinyi raondi hakuna kuiba kura mlidhani ukora wenu imejulikana,Thu Aug 11 23:57:39 +0000 2022,Kennedy77033562,1.0,0.0,0.0
1557817678286536706,neutral,"@JCM_Ness @Ladyrisper_1 @georgenjoroge_ @IEBCKenya 😂😂😂 usijali huku tumejaa, wewe zimia tu huko kwenu.",Thu Aug 11 19:54:12 +0000 2022,KelvinLamarck,3.0,0.0,1.0
1557716994098700291,neutral,@IEBCKenya Fanyeni haraka niko na mbuzi Nataka kuchoma,Thu Aug 11 13:14:07 +0000 2022,beth_kasinga,6.0,1.0,3.0
1557673328869052416,neutral,@leftoff_7 @MigunaMiguna @RailaOdinga @IEBCKenya Utafanya miguna akukujie wewe😁😁😁,Thu Aug 11 10:20:36 +0000 2022,254Janae,2.0,2.0,1.0
1557440207447904258,neutral,"John paul mwirigi wa meru amerudi ama ako nje anaota baridi?
@IEBCKenya",Wed Aug 10 18:54:15 +0000 2022,MashMitumba,0.0,0.0,0.0
1459886236689223682,fake,@e_odeo Hiyo kazi na ya IEBC hakuna difference. Yote ni ya kuibiana,Sun Nov 14 14:09:36 +0000 2021,Merddie,1.0,0.0,1.0
1552805557597356033,fact,"Vijana tuko chonjo kudumisha amani. Wakenya kwa pamoja tueneze umoja katika uchaguzi ujao. #UchaguziBilaNoma  @Midrifthurinet @game_intl @tv47ke @IEBCKenya
@NACADAKenya @ECESeu @NCIC_Kenya @UNDPKenya @denmarkinkenya @FredMatiangi @YBN_Kenya #ElectionsBilaNoma
@tendasasa
#Peace https://t.co/2zUwKQIyc3",Thu Jul 28 23:57:49 +0000 2022,Mtaani_konnect,8.0,6.0,0.0
1552802516697579525,neutral,"Umoja ni nguvu,Daima tuchaguwe Amani kwa kuwa ni wajibu wetu kuijenga Kenya ya leo,ya kesho na kuhakikisha mtondogoo uko salama salmini @tv47ke @IEBCKenya
@NACADAKenya @ECESeu @NCIC_Kenya @UNDPKenya @denmarkinkenya @FredMatiangi @YBN_Kenya #ElectionsBilaNoma
#TusibleedNdioWalead https://t.co/fgvGarN0nV",Thu Jul 28 23:45:44 +0000 2022,Mtaani_konnect,3.0,2.0,0.0
1552558662216024066,neutral,@IEBCKenya Wanastahili kuungwa mikono na kuaminiwa na wagombea viti kwenye nyadhfa mbali mbali kwani wamefanya kazi vyema kuhakikisha uchaguzi liwe la huru na haki #sema2022 @RashidAbdalla @LuluHassan,Thu Jul 28 07:36:44 +0000 2022,BobOtienoOwino,0.0,0.0,0.0
1552555844855889920,neutral,@citizentvkenya @RashidAbdalla @LuluHassan @IEBCKenya wakanyagie hapo hapo wasinyongwe na wanasiasa hadi wachezee densi zao kwani hao ni tume la uhuru,Thu Jul 28 07:25:33 +0000 2022,BobOtienoOwino,0.0,0.0,0.0
1551766910563504129,neutral,@IEBCKenya Hii kipara inafaa ipigwe vizuri irudi back to default.,Tue Jul 26 03:10:36 +0000 2022,DRatemo,8.0,1.0,1.0
1559270026825318402,neutral,@ayubu_madenge Huu ni upuuzi wa wasomi wa karatasi ambao hawatumii akili. Matokeo yapo kwenye portal ya IEBC ni uvivu wa kukusanya matokeo ya vituo na kujumuisha. Na kanuni inakwambia kubaliana na matokeo ili kosa lionekane halafu ukadai mahakamani. Halafu RO ni mmoja nae ni Chebukati.,Mon Aug 15 20:05:18 +0000 2022,AllyMansur1,0.0,0.0,0.0
1559186409625456643,fake,,,,,,
1559184974112243715,neutral,IEBC wako Kadi.,Mon Aug 15 14:27:20 +0000 2022,Muigaiiii,0.0,0.0,0.0
1560611902807474177,neutral,Hii rangi ya IEBC walieka kwa kidole mlisema inafaa kutoka after siku ngapi wadai juu weeh,Fri Aug 19 12:57:27 +0000 2022,KIPTOOK56229219,0.0,0.0,0.0
1559523973930618880,neutral,,,,,,
1562710274515222528,neutral,@swt_akinyi Watu wa iebc watalipwa lini,Thu Aug 25 07:55:37 +0000 2022,munaisammy,0.0,0.0,0.0
1562532291628650497,neutral,Kwani kenya ninyanani mara chebukati mara iebc sasa,Wed Aug 24 20:08:23 +0000 2022,BWangacha,0.0,0.0,0.0
1562003095894253568,neutral,Hizo jobs za IEBC ogopa!,Tue Aug 23 09:05:33 +0000 2022,Kaysparks_,243.0,63.0,56.0
1563851225870761989,fact,"Rais mteule William Ruto ameelezea imani yake kwa Idara ya Mahakama, saa chache kabla ya kuanza kusikilizwa kwa kesi inayopinga ushindi wake uliotangazwa na mkuu wa IEBC Wafula Chebukati uchaguzi mkuu wa Agosti 9 2022... https://t.co/PqhGeWZFzs",Sun Aug 28 11:29:21 +0000 2022,BiftuFm,0.0,0.0,0.0
1563603030079320066,neutral,"Iebc imeanika watu kweli,
Waah kunoma lweli",Sat Aug 27 19:03:07 +0000 2022,koinet_jacob,0.0,0.0,0.0
1563471953738223616,fake,@smutoro @AmnestyEARO @IEBC Chibukati alikula pekeyake ndyo maana akasaltiwa kwahivo iskushtue broo huo n ukwel mtupu wa mambo yalivokwenda,Sat Aug 27 10:22:16 +0000 2022,RMwaguzo,0.0,0.0,0.0
1566339419958812673,neutral,@sabali77 Naskia pesa ya iebc haitoki naskia kuchizi,Sun Sep 04 08:16:33 +0000 2022,fw_gucu,1.0,0.0,1.0
1565932287736401921,neutral,@fokango Kila siku mutabadilisha iebc kenya,Sat Sep 03 05:18:45 +0000 2022,razakab27006849,1.0,0.0,0.0
1565635372788465664,neutral,,,,,,
1565624214756941827,neutral,Jose Camargo amechoma🤣🤣🤣 #josecamargo #supremecourtofkenya #juliesoweto #iebc #iebcresults2022,Fri Sep 02 08:54:35 +0000 2022,HartnelNzumbi,0.0,0.0,0.0
1565617169941028865,neutral,,,,,,
1554732830797795333,neutral,UchaguI Mkuu #GE2022 hufai kua tishio kwa Amani ya Nchi. #ChaguaAmani https://t.co/9pXCH9pwHs,Wed Aug 03 07:36:07 +0000 2022,augustinevickie,0.0,0.0,0.0
1563440165682458630,neutral,"@EthanJo_88 @transitingclown @elogkenya Kwa hivo ni madai yasiyokua na ushahidi?mbona basi anaenda kortini?wewe ni chuki uko nayo,acha nikuwache",Sat Aug 27 08:15:57 +0000 2022,Oskahtafari,0.0,0.0,1.0
1563245240592449536,neutral,"@EthanJo_88 @transitingclown @elogkenya Kama unaongelea tamaa,kuna viongozi wenye wanatamaa kuliko Baba humu nchini.kuna wenye wanaamini wasipopata uongozi lazima watu kadhaa wakufe,Baba huwa anaibiwa uchaguzi kila wakati na wezi wanaojulikana",Fri Aug 26 19:21:23 +0000 2022,Oskahtafari,0.0,0.0,1.0
1563232146973609985,neutral,"@EthanJo_88 @transitingclown @elogkenya Hizo siku chama tawala ilikua tu KANU,na lazima ungeingia kama ulihitaji uongozi",Fri Aug 26 18:29:21 +0000 2022,Oskahtafari,0.0,0.0,1.0
1563211822966407169,neutral,"@EthanJo_88 @transitingclown @elogkenya Akisema dikteta alimaanisha Moi,elewa siasa ya Kenya kwanza",Fri Aug 26 17:08:36 +0000 2022,Oskahtafari,0.0,0.0,1.0
1563031805988864001,neutral,@elogkenya @johngithongo .. ona,Fri Aug 26 05:13:16 +0000 2022,david_osore,0.0,0.0,0.0
